[
      {
    "question": "afaq ke mama kon",
    "answer": " usna naam S sa suru hota."
  },
  {
    "question": "What is your return policy?",
    "answer": "You can return any item within 30 days of purchase."
  },
  {
    "question": "Do you ship internationally?",
    "answer": "Yes, we offer international shipping to most countries."
  },
  {
    "question": "How can I track my order?",
    "answer": "After placing your order, you’ll receive a tracking number via email."
  },
  {
    "question": "What payment methods are accepted?",
    "answer": "We accept credit cards, debit cards, and PayPal."
  }
]
